timestamp,left_gaze,right_gaze
2025-03-29 16:46:05.256086,Center,Center
2025-03-29 16:46:05.320403,Center,Center
2025-03-29 16:46:05.354334,Center,Center
2025-03-29 16:46:05.387994,Center,Center
2025-03-29 16:46:05.420192,Center,Uncertain
2025-03-29 16:46:05.453426,Uncertain,Center
2025-03-29 16:46:05.486656,Uncertain,Uncertain
2025-03-29 16:46:05.520111,Uncertain,Uncertain
2025-03-29 16:46:05.553851,Uncertain,Uncertain
2025-03-29 16:46:05.620228,Uncertain,Uncertain
2025-03-29 16:46:05.655361,Uncertain,Uncertain
2025-03-29 16:46:05.689215,Uncertain,Uncertain
2025-03-29 16:46:05.722596,Uncertain,Uncertain
2025-03-29 16:46:05.755935,Uncertain,Uncertain
2025-03-29 16:46:05.788441,Uncertain,Uncertain
2025-03-29 16:46:05.822197,Uncertain,Uncertain
2025-03-29 16:46:05.853365,Uncertain,Uncertain
2025-03-29 16:46:05.922377,Uncertain,Uncertain
2025-03-29 16:46:05.954657,Uncertain,Uncertain
2025-03-29 16:46:05.988450,Uncertain,Uncertain
2025-03-29 16:46:06.021378,Uncertain,Uncertain
2025-03-29 16:46:06.055120,Uncertain,Uncertain
2025-03-29 16:46:06.087607,Uncertain,Uncertain
2025-03-29 16:46:06.121632,Uncertain,Uncertain
2025-03-29 16:46:06.153285,Uncertain,Uncertain
2025-03-29 16:46:06.188588,Uncertain,Uncertain
2025-03-29 16:46:06.221163,Uncertain,Uncertain
2025-03-29 16:46:06.254395,Uncertain,Uncertain
2025-03-29 16:46:06.287967,Uncertain,Uncertain
2025-03-29 16:46:06.320021,Uncertain,Uncertain
2025-03-29 16:46:06.354869,Uncertain,Uncertain
2025-03-29 16:46:06.388420,Uncertain,Uncertain
2025-03-29 16:46:06.421495,Uncertain,Uncertain
2025-03-29 16:46:06.453839,Uncertain,Uncertain
2025-03-29 16:46:06.488382,Uncertain,Uncertain
2025-03-29 16:46:06.521954,Uncertain,Uncertain
2025-03-29 16:46:06.554714,Uncertain,Uncertain
2025-03-29 16:46:06.588296,Uncertain,Uncertain
2025-03-29 16:46:06.621995,Uncertain,Uncertain
2025-03-29 16:46:06.654029,Uncertain,Uncertain
2025-03-29 16:46:06.687773,Uncertain,Uncertain
2025-03-29 16:46:06.721120,Uncertain,Uncertain
2025-03-29 16:46:06.754468,Uncertain,Uncertain
2025-03-29 16:46:06.788049,Uncertain,Uncertain
2025-03-29 16:46:06.821505,Uncertain,Uncertain
2025-03-29 16:46:06.854663,Uncertain,Uncertain
2025-03-29 16:46:06.887752,Uncertain,Uncertain
2025-03-29 16:46:06.921703,Uncertain,Uncertain
2025-03-29 16:46:06.956300,Uncertain,Uncertain
2025-03-29 16:46:06.988111,Uncertain,Uncertain
2025-03-29 16:46:07.022520,Uncertain,Uncertain
2025-03-29 16:46:07.055616,Uncertain,Uncertain
2025-03-29 16:46:07.088272,Uncertain,Uncertain
2025-03-29 16:46:07.122187,Uncertain,Uncertain
2025-03-29 16:46:07.155260,Uncertain,Uncertain
2025-03-29 16:46:07.189141,Uncertain,Uncertain
2025-03-29 16:46:07.221591,Uncertain,Uncertain
2025-03-29 16:46:07.255185,Uncertain,Uncertain
2025-03-29 16:46:07.288675,Uncertain,Uncertain
2025-03-29 16:46:07.322009,Uncertain,Uncertain
2025-03-29 16:46:07.355782,Uncertain,Uncertain
2025-03-29 16:46:07.389114,Uncertain,Uncertain
2025-03-29 16:46:07.422459,Uncertain,Uncertain
2025-03-29 16:46:07.455995,Uncertain,Uncertain
2025-03-29 16:46:07.489111,Uncertain,Uncertain
2025-03-29 16:46:07.522003,Uncertain,Uncertain
2025-03-29 16:46:07.554999,Uncertain,Uncertain
2025-03-29 16:46:07.588556,Uncertain,Uncertain
2025-03-29 16:46:07.621913,Uncertain,Uncertain
2025-03-29 16:46:07.655444,Uncertain,Uncertain
2025-03-29 16:46:07.688519,Uncertain,Uncertain
2025-03-29 16:46:07.722050,Uncertain,Uncertain
2025-03-29 16:46:07.755338,Uncertain,Uncertain
2025-03-29 16:46:07.788737,Uncertain,Uncertain
2025-03-29 16:46:07.821832,Uncertain,Uncertain
2025-03-29 16:46:07.854716,Uncertain,Uncertain
2025-03-29 16:46:07.888133,Uncertain,Uncertain
2025-03-29 16:46:07.921926,Uncertain,Uncertain
2025-03-29 16:46:07.954896,Uncertain,Uncertain
2025-03-29 16:46:07.988014,Uncertain,Uncertain
2025-03-29 16:46:08.021946,Uncertain,Uncertain
2025-03-29 16:46:08.055069,Uncertain,Uncertain
2025-03-29 16:46:08.088360,Uncertain,Uncertain
2025-03-29 16:46:08.121711,Uncertain,Uncertain
2025-03-29 16:46:08.154902,Uncertain,Uncertain
2025-03-29 16:46:08.188537,Uncertain,Uncertain
2025-03-29 16:46:08.221612,Uncertain,Uncertain
2025-03-29 16:46:08.255037,Uncertain,Uncertain
2025-03-29 16:46:08.287607,Uncertain,Uncertain
2025-03-29 16:46:08.321865,Uncertain,Uncertain
2025-03-29 16:46:08.355002,Uncertain,Uncertain
2025-03-29 16:46:08.388416,Uncertain,Uncertain
2025-03-29 16:46:08.421880,Uncertain,Uncertain
2025-03-29 16:46:08.454974,Uncertain,Uncertain
2025-03-29 16:46:08.485890,Uncertain,Uncertain
2025-03-29 16:46:08.521519,Uncertain,Uncertain
2025-03-29 16:46:08.554782,Uncertain,Uncertain
2025-03-29 16:46:08.587864,Uncertain,Uncertain
2025-03-29 16:46:08.621462,Uncertain,Uncertain
2025-03-29 16:46:08.654162,Uncertain,Uncertain
2025-03-29 16:46:08.687943,Uncertain,Uncertain
2025-03-29 16:46:08.721182,Uncertain,Uncertain
2025-03-29 16:46:08.754748,Uncertain,Uncertain
2025-03-29 16:46:08.787180,Uncertain,Uncertain
2025-03-29 16:46:08.820937,Uncertain,Uncertain
2025-03-29 16:46:08.854455,Uncertain,Uncertain
2025-03-29 16:46:08.887501,Uncertain,Uncertain
2025-03-29 16:46:08.921012,Uncertain,Uncertain
2025-03-29 16:46:08.954523,Uncertain,Uncertain
2025-03-29 16:46:08.987801,Uncertain,Uncertain
2025-03-29 16:46:09.021118,Uncertain,Uncertain
2025-03-29 16:46:09.053761,Uncertain,Uncertain
2025-03-29 16:46:09.087206,Uncertain,Uncertain
2025-03-29 16:46:09.121092,Uncertain,Uncertain
2025-03-29 16:46:09.153756,Uncertain,Uncertain
2025-03-29 16:46:09.187818,Uncertain,Uncertain
2025-03-29 16:46:09.221195,Uncertain,Uncertain
2025-03-29 16:46:09.253798,Uncertain,Uncertain
2025-03-29 16:46:09.287645,Uncertain,Uncertain
2025-03-29 16:46:09.321175,Uncertain,Uncertain
2025-03-29 16:46:09.353968,Uncertain,Uncertain
2025-03-29 16:46:09.386990,Uncertain,Uncertain
2025-03-29 16:46:09.420626,Uncertain,Uncertain
2025-03-29 16:46:09.454223,Uncertain,Uncertain
2025-03-29 16:46:09.487305,Uncertain,Uncertain
2025-03-29 16:46:09.521112,Uncertain,Uncertain
2025-03-29 16:46:09.553910,Uncertain,Uncertain
2025-03-29 16:46:09.587553,Uncertain,Uncertain
2025-03-29 16:46:09.620878,Uncertain,Uncertain
2025-03-29 16:46:09.654614,Uncertain,Uncertain
2025-03-29 16:46:09.687847,Uncertain,Uncertain
2025-03-29 16:46:09.721229,Uncertain,Uncertain
2025-03-29 16:46:09.753519,Uncertain,Uncertain
2025-03-29 16:46:09.787717,Uncertain,Uncertain
2025-03-29 16:46:09.820566,Uncertain,Uncertain
2025-03-29 16:46:09.853363,Uncertain,Uncertain
2025-03-29 16:46:09.887741,Uncertain,Uncertain
2025-03-29 16:46:09.920567,Uncertain,Uncertain
2025-03-29 16:46:09.953359,Uncertain,Uncertain
2025-03-29 16:46:09.987549,Uncertain,Uncertain
2025-03-29 16:46:10.020521,Uncertain,Uncertain
2025-03-29 16:46:10.053534,Uncertain,Uncertain
2025-03-29 16:46:10.087310,Uncertain,Uncertain
2025-03-29 16:46:10.120431,Uncertain,Uncertain
2025-03-29 16:46:10.153993,Uncertain,Uncertain
2025-03-29 16:46:10.186985,Uncertain,Uncertain
2025-03-29 16:46:10.218825,Uncertain,Uncertain
2025-03-29 16:46:10.253021,Uncertain,Uncertain
2025-03-29 16:46:10.287078,Uncertain,Uncertain
2025-03-29 16:46:10.319545,Uncertain,Uncertain
2025-03-29 16:46:10.353367,Uncertain,Uncertain
2025-03-29 16:46:10.386410,Uncertain,Uncertain
2025-03-29 16:46:10.420309,Uncertain,Uncertain
2025-03-29 16:46:10.453326,Uncertain,Uncertain
2025-03-29 16:46:10.486782,Uncertain,Uncertain
2025-03-29 16:46:10.520385,Uncertain,Uncertain
2025-03-29 16:46:10.553384,Uncertain,Uncertain
2025-03-29 16:46:10.586804,Uncertain,Uncertain
2025-03-29 16:46:10.620102,Uncertain,Uncertain
2025-03-29 16:46:10.653846,Uncertain,Uncertain
2025-03-29 16:46:10.686110,Uncertain,Uncertain
2025-03-29 16:46:10.720096,Uncertain,Uncertain
2025-03-29 16:46:10.753374,Uncertain,Uncertain
2025-03-29 16:46:10.787091,Uncertain,Uncertain
2025-03-29 16:46:10.820463,Uncertain,Uncertain
2025-03-29 16:46:10.853217,Uncertain,Uncertain
2025-03-29 16:46:10.887165,Uncertain,Uncertain
2025-03-29 16:46:10.919528,Uncertain,Uncertain
2025-03-29 16:46:10.953724,Uncertain,Uncertain
2025-03-29 16:46:10.986976,Uncertain,Uncertain
2025-03-29 16:46:11.020381,Uncertain,Uncertain
2025-03-29 16:46:11.053368,Uncertain,Uncertain
2025-03-29 16:46:11.086479,Uncertain,Uncertain
2025-03-29 16:46:11.120230,Uncertain,Uncertain
2025-03-29 16:46:11.151711,Uncertain,Uncertain
2025-03-29 16:46:11.186638,Uncertain,Uncertain
2025-03-29 16:46:11.219634,Uncertain,Uncertain
2025-03-29 16:46:11.252983,Uncertain,Uncertain
2025-03-29 16:46:11.287205,Uncertain,Uncertain
2025-03-29 16:46:11.320384,Uncertain,Uncertain
2025-03-29 16:46:11.352283,Uncertain,Uncertain
2025-03-29 16:46:11.385833,Uncertain,Uncertain
2025-03-29 16:46:11.419797,Uncertain,Uncertain
2025-03-29 16:46:11.452487,Uncertain,Uncertain
2025-03-29 16:46:11.486545,Uncertain,Uncertain
2025-03-29 16:46:11.519952,Uncertain,Uncertain
2025-03-29 16:46:11.552556,Uncertain,Uncertain
2025-03-29 16:46:11.586577,Uncertain,Uncertain
2025-03-29 16:46:11.619879,Uncertain,Uncertain
2025-03-29 16:46:11.653013,Uncertain,Uncertain
2025-03-29 16:46:11.686137,Uncertain,Uncertain
2025-03-29 16:46:11.719594,Uncertain,Uncertain
2025-03-29 16:46:11.752139,Uncertain,Uncertain
2025-03-29 16:46:11.786165,Uncertain,Uncertain
2025-03-29 16:46:11.820113,Uncertain,Uncertain
2025-03-29 16:46:11.853559,Uncertain,Uncertain
2025-03-29 16:46:11.886043,Uncertain,Uncertain
2025-03-29 16:46:11.920067,Uncertain,Uncertain
2025-03-29 16:46:11.952481,Uncertain,Uncertain
2025-03-29 16:46:11.985577,Uncertain,Uncertain
2025-03-29 16:46:12.019817,Uncertain,Uncertain
2025-03-29 16:46:12.053262,Uncertain,Uncertain
2025-03-29 16:46:12.086274,Uncertain,Uncertain
2025-03-29 16:46:12.119487,Uncertain,Uncertain
2025-03-29 16:46:12.152912,Uncertain,Uncertain
2025-03-29 16:46:12.186487,Uncertain,Uncertain
2025-03-29 16:46:12.219446,Uncertain,Uncertain
2025-03-29 16:46:12.252549,Uncertain,Uncertain
2025-03-29 16:46:12.286175,Uncertain,Uncertain
2025-03-29 16:46:12.318890,Uncertain,Uncertain
2025-03-29 16:46:12.352564,Uncertain,Uncertain
2025-03-29 16:46:12.386278,Uncertain,Uncertain
2025-03-29 16:46:12.419794,Uncertain,Uncertain
2025-03-29 16:46:12.452522,Uncertain,Uncertain
2025-03-29 16:46:12.486128,Uncertain,Uncertain
2025-03-29 16:46:12.519482,Uncertain,Uncertain
2025-03-29 16:46:12.552814,Uncertain,Uncertain
2025-03-29 16:46:12.585952,Uncertain,Uncertain
2025-03-29 16:46:12.618660,Uncertain,Uncertain
2025-03-29 16:46:12.652413,Uncertain,Uncertain
2025-03-29 16:46:12.685897,Uncertain,Uncertain
2025-03-29 16:46:12.718630,Uncertain,Uncertain
2025-03-29 16:46:12.752443,Uncertain,Uncertain
2025-03-29 16:46:12.785692,Uncertain,Uncertain
2025-03-29 16:46:12.819120,Uncertain,Uncertain
2025-03-29 16:46:12.852262,Uncertain,Uncertain
2025-03-29 16:46:12.885141,Uncertain,Uncertain
2025-03-29 16:46:12.918304,Uncertain,Uncertain
2025-03-29 16:46:12.952036,Uncertain,Uncertain
2025-03-29 16:46:12.985705,Uncertain,Uncertain
2025-03-29 16:46:13.018257,Uncertain,Uncertain
2025-03-29 16:46:13.051260,Uncertain,Uncertain
2025-03-29 16:46:13.085474,Uncertain,Uncertain
2025-03-29 16:46:13.117840,Uncertain,Uncertain
2025-03-29 16:46:13.151229,Uncertain,Uncertain
2025-03-29 16:46:13.185421,Uncertain,Uncertain
2025-03-29 16:46:13.218761,Uncertain,Uncertain
2025-03-29 16:46:13.251286,Uncertain,Uncertain
2025-03-29 16:46:13.284876,Uncertain,Uncertain
2025-03-29 16:46:13.318935,Uncertain,Uncertain
2025-03-29 16:46:13.351852,Uncertain,Uncertain
2025-03-29 16:46:13.385276,Uncertain,Uncertain
2025-03-29 16:46:13.418194,Uncertain,Uncertain
2025-03-29 16:46:13.451399,Uncertain,Uncertain
2025-03-29 16:46:13.484594,Uncertain,Uncertain
2025-03-29 16:46:13.518548,Uncertain,Uncertain
2025-03-29 16:46:13.550582,Uncertain,Uncertain
2025-03-29 16:46:13.584895,Uncertain,Uncertain
2025-03-29 16:46:13.618111,Uncertain,Uncertain
2025-03-29 16:46:13.651413,Uncertain,Uncertain
2025-03-29 16:46:13.685063,Uncertain,Uncertain
2025-03-29 16:46:13.718274,Uncertain,Uncertain
2025-03-29 16:46:13.750834,Uncertain,Uncertain
2025-03-29 16:46:13.785333,Uncertain,Uncertain
2025-03-29 16:46:13.818368,Uncertain,Uncertain
2025-03-29 16:46:13.851037,Uncertain,Uncertain
2025-03-29 16:46:13.885060,Uncertain,Uncertain
2025-03-29 16:46:13.917499,Uncertain,Uncertain
2025-03-29 16:46:13.950751,Uncertain,Uncertain
2025-03-29 16:46:13.984200,Uncertain,Uncertain
2025-03-29 16:46:14.017938,Uncertain,Uncertain
2025-03-29 16:46:14.050460,Uncertain,Uncertain
2025-03-29 16:46:14.085262,Uncertain,Uncertain
2025-03-29 16:46:14.118675,Uncertain,Uncertain
2025-03-29 16:46:14.151973,Uncertain,Uncertain
2025-03-29 16:46:14.185310,Uncertain,Uncertain
2025-03-29 16:46:14.218703,Uncertain,Uncertain
2025-03-29 16:46:14.251528,Uncertain,Uncertain
2025-03-29 16:46:14.285037,Uncertain,Uncertain
2025-03-29 16:46:14.316610,Uncertain,Uncertain
2025-03-29 16:46:14.351595,Uncertain,Uncertain
2025-03-29 16:46:14.384349,Uncertain,Uncertain
2025-03-29 16:46:14.417856,Uncertain,Uncertain
2025-03-29 16:46:14.451946,Uncertain,Uncertain
2025-03-29 16:46:14.483865,Uncertain,Uncertain
2025-03-29 16:46:14.518390,Uncertain,Uncertain
2025-03-29 16:46:14.551560,Uncertain,Uncertain
2025-03-29 16:46:14.584771,Uncertain,Uncertain
2025-03-29 16:46:14.617105,Uncertain,Uncertain
2025-03-29 16:46:14.651393,Uncertain,Uncertain
2025-03-29 16:46:14.684518,Uncertain,Uncertain
2025-03-29 16:46:14.717016,Uncertain,Uncertain
2025-03-29 16:46:14.751266,Uncertain,Uncertain
2025-03-29 16:46:14.784845,Uncertain,Uncertain
2025-03-29 16:46:14.817429,Uncertain,Uncertain
2025-03-29 16:46:14.851456,Uncertain,Uncertain
2025-03-29 16:46:14.884655,Uncertain,Uncertain
2025-03-29 16:46:14.917432,Uncertain,Uncertain
2025-03-29 16:46:14.950497,Uncertain,Uncertain
2025-03-29 16:46:14.984467,Uncertain,Uncertain
2025-03-29 16:46:15.017678,Uncertain,Uncertain
2025-03-29 16:46:15.049460,Uncertain,Uncertain
2025-03-29 16:46:15.084262,Uncertain,Uncertain
2025-03-29 16:46:15.118107,Uncertain,Uncertain
2025-03-29 16:46:15.149502,Uncertain,Uncertain
2025-03-29 16:46:15.184152,Uncertain,Uncertain
2025-03-29 16:46:15.217923,Uncertain,Uncertain
2025-03-29 16:46:15.251099,Uncertain,Uncertain
2025-03-29 16:46:15.284616,Uncertain,Uncertain
2025-03-29 16:46:15.317760,Uncertain,Uncertain
2025-03-29 16:46:15.349926,Uncertain,Uncertain
2025-03-29 16:46:15.384002,Uncertain,Uncertain
2025-03-29 16:46:15.417307,Uncertain,Uncertain
2025-03-29 16:46:15.450561,Uncertain,Uncertain
2025-03-29 16:46:15.483861,Uncertain,Uncertain
2025-03-29 16:46:15.515959,Uncertain,Uncertain
2025-03-29 16:46:15.550833,Uncertain,Uncertain
2025-03-29 16:46:15.583896,Uncertain,Uncertain
2025-03-29 16:46:15.617227,Uncertain,Uncertain
2025-03-29 16:46:15.650812,Uncertain,Uncertain
2025-03-29 16:46:15.683755,Uncertain,Uncertain
2025-03-29 16:46:15.717847,Uncertain,Uncertain
2025-03-29 16:46:15.750470,Uncertain,Uncertain
2025-03-29 16:46:15.783637,Uncertain,Uncertain
2025-03-29 16:46:15.817144,Uncertain,Uncertain
2025-03-29 16:46:15.850800,Uncertain,Uncertain
2025-03-29 16:46:15.883935,Uncertain,Uncertain
2025-03-29 16:46:15.917673,Uncertain,Uncertain
2025-03-29 16:46:15.950386,Uncertain,Uncertain
2025-03-29 16:46:15.984135,Uncertain,Uncertain
2025-03-29 16:46:16.016103,Uncertain,Uncertain
2025-03-29 16:46:16.051179,Uncertain,Uncertain
2025-03-29 16:46:16.082532,Uncertain,Uncertain
2025-03-29 16:46:16.117425,Uncertain,Uncertain
2025-03-29 16:46:16.150072,Uncertain,Uncertain
2025-03-29 16:46:16.183778,Uncertain,Uncertain
2025-03-29 16:46:16.217115,Uncertain,Uncertain
2025-03-29 16:46:16.250539,Uncertain,Uncertain
2025-03-29 16:46:16.283807,Uncertain,Uncertain
2025-03-29 16:46:16.317124,Uncertain,Uncertain
2025-03-29 16:46:16.350274,Uncertain,Uncertain
2025-03-29 16:46:16.383933,Uncertain,Uncertain
2025-03-29 16:46:16.416927,Uncertain,Uncertain
2025-03-29 16:46:16.450697,Uncertain,Uncertain
2025-03-29 16:46:16.483688,Uncertain,Uncertain
2025-03-29 16:46:16.517352,Uncertain,Uncertain
2025-03-29 16:46:16.550152,Uncertain,Uncertain
2025-03-29 16:46:16.583714,Uncertain,Uncertain
2025-03-29 16:46:16.617041,Uncertain,Uncertain
2025-03-29 16:46:16.650167,Uncertain,Uncertain
2025-03-29 16:46:16.683506,Uncertain,Uncertain
2025-03-29 16:46:16.717209,Uncertain,Uncertain
2025-03-29 16:46:16.750136,Uncertain,Uncertain
2025-03-29 16:46:16.783698,Uncertain,Uncertain
2025-03-29 16:46:16.816376,Uncertain,Uncertain
2025-03-29 16:46:16.850281,Uncertain,Uncertain
2025-03-29 16:46:16.883447,Uncertain,Uncertain
2025-03-29 16:46:16.916543,Uncertain,Uncertain
2025-03-29 16:46:16.950421,Uncertain,Uncertain
2025-03-29 16:46:16.983654,Uncertain,Uncertain
2025-03-29 16:46:17.016925,Uncertain,Uncertain
2025-03-29 16:46:17.049752,Uncertain,Uncertain
2025-03-29 16:46:17.083146,Uncertain,Uncertain
2025-03-29 16:46:17.116638,Uncertain,Uncertain
2025-03-29 16:46:17.149896,Uncertain,Uncertain
2025-03-29 16:46:17.183785,Uncertain,Uncertain
2025-03-29 16:46:17.216326,Uncertain,Uncertain
2025-03-29 16:46:17.250373,Uncertain,Uncertain
2025-03-29 16:46:17.282930,Uncertain,Uncertain
2025-03-29 16:46:17.316501,Uncertain,Uncertain
2025-03-29 16:46:17.349932,Uncertain,Uncertain
2025-03-29 16:46:17.383310,Uncertain,Uncertain
2025-03-29 16:46:17.416355,Uncertain,Uncertain
2025-03-29 16:46:17.450160,Uncertain,Uncertain
2025-03-29 16:46:17.483516,Uncertain,Uncertain
2025-03-29 16:46:17.516533,Uncertain,Uncertain
2025-03-29 16:46:17.550044,Uncertain,Uncertain
2025-03-29 16:46:17.583538,Uncertain,Uncertain
2025-03-29 16:46:17.616818,Uncertain,Uncertain
2025-03-29 16:46:17.650010,Uncertain,Uncertain
2025-03-29 16:46:17.683259,Uncertain,Uncertain
2025-03-29 16:46:17.716688,Uncertain,Uncertain
2025-03-29 16:46:17.750011,Uncertain,Uncertain
2025-03-29 16:46:17.783396,Uncertain,Uncertain
2025-03-29 16:46:17.816680,Uncertain,Uncertain
2025-03-29 16:46:17.850322,Uncertain,Uncertain
2025-03-29 16:46:17.883183,Uncertain,Uncertain
2025-03-29 16:46:17.916708,Uncertain,Uncertain
2025-03-29 16:46:17.950011,Uncertain,Uncertain
2025-03-29 16:46:17.983453,Uncertain,Uncertain
2025-03-29 16:46:18.016317,Uncertain,Uncertain
2025-03-29 16:46:18.049742,Uncertain,Uncertain
2025-03-29 16:46:18.083366,Uncertain,Uncertain
2025-03-29 16:46:18.116494,Uncertain,Uncertain
2025-03-29 16:46:18.149510,Uncertain,Uncertain
2025-03-29 16:46:18.183139,Uncertain,Uncertain
2025-03-29 16:46:18.216480,Uncertain,Uncertain
2025-03-29 16:46:18.249718,Uncertain,Uncertain
2025-03-29 16:46:18.283204,Uncertain,Uncertain
2025-03-29 16:46:18.316600,Uncertain,Uncertain
2025-03-29 16:46:18.350200,Uncertain,Uncertain
2025-03-29 16:46:18.382151,Uncertain,Uncertain
2025-03-29 16:46:18.416172,Uncertain,Uncertain
2025-03-29 16:46:18.449645,Uncertain,Uncertain
2025-03-29 16:46:18.482946,Uncertain,Uncertain
2025-03-29 16:46:18.516225,Uncertain,Uncertain
2025-03-29 16:46:18.549858,Uncertain,Uncertain
2025-03-29 16:46:18.583246,Uncertain,Uncertain
2025-03-29 16:46:18.616395,Uncertain,Uncertain
2025-03-29 16:46:18.650122,Uncertain,Uncertain
2025-03-29 16:46:18.682953,Uncertain,Uncertain
2025-03-29 16:46:18.716434,Uncertain,Uncertain
2025-03-29 16:46:18.749252,Uncertain,Uncertain
2025-03-29 16:46:18.783595,Uncertain,Uncertain
2025-03-29 16:46:18.816505,Uncertain,Uncertain
2025-03-29 16:46:18.849664,Uncertain,Uncertain
2025-03-29 16:46:18.882771,Uncertain,Uncertain
2025-03-29 16:46:18.914349,Uncertain,Uncertain
2025-03-29 16:46:18.949290,Uncertain,Uncertain
2025-03-29 16:46:18.982950,Uncertain,Uncertain
2025-03-29 16:46:19.016059,Uncertain,Uncertain
2025-03-29 16:46:19.049513,Uncertain,Uncertain
2025-03-29 16:46:19.082436,Uncertain,Uncertain
2025-03-29 16:46:19.115855,Uncertain,Uncertain
2025-03-29 16:46:19.149033,Uncertain,Uncertain
2025-03-29 16:46:19.182920,Uncertain,Uncertain
2025-03-29 16:46:19.215829,Uncertain,Uncertain
2025-03-29 16:46:19.249719,Uncertain,Uncertain
2025-03-29 16:46:19.282710,Uncertain,Uncertain
2025-03-29 16:46:19.316136,Uncertain,Uncertain
2025-03-29 16:46:19.349239,Uncertain,Uncertain
2025-03-29 16:46:19.381306,Uncertain,Uncertain
2025-03-29 16:46:19.416055,Uncertain,Uncertain
2025-03-29 16:46:19.449435,Uncertain,Uncertain
2025-03-29 16:46:19.482970,Uncertain,Uncertain
2025-03-29 16:46:19.516607,Uncertain,Uncertain
2025-03-29 16:46:19.549735,Uncertain,Uncertain
2025-03-29 16:46:19.582618,Uncertain,Uncertain
2025-03-29 16:46:19.615803,Uncertain,Uncertain
2025-03-29 16:46:19.649499,Uncertain,Uncertain
2025-03-29 16:46:19.919264,Uncertain,Uncertain
2025-03-29 16:46:19.949301,Uncertain,Uncertain
2025-03-29 16:46:20.555104,Uncertain,Left
2025-03-29 16:46:20.653720,Uncertain,Uncertain
2025-03-29 16:46:20.683846,Uncertain,Uncertain
2025-03-29 16:46:20.716886,Uncertain,Uncertain
2025-03-29 16:46:20.748891,Uncertain,Uncertain
2025-03-29 16:46:20.782215,Uncertain,Uncertain
2025-03-29 16:46:20.815526,Uncertain,Uncertain
2025-03-29 16:46:20.848764,Uncertain,Uncertain
2025-03-29 16:46:20.882344,Uncertain,Uncertain
2025-03-29 16:46:20.915691,Uncertain,Uncertain
2025-03-29 16:46:20.949049,Uncertain,Uncertain
2025-03-29 16:46:20.981194,Uncertain,Uncertain
2025-03-29 16:46:21.015611,Uncertain,Uncertain
2025-03-29 16:46:21.048833,Uncertain,Uncertain
2025-03-29 16:46:21.082030,Uncertain,Uncertain
2025-03-29 16:46:21.115752,Uncertain,Uncertain
2025-03-29 16:46:21.148980,Uncertain,Uncertain
2025-03-29 16:46:21.182570,Uncertain,Uncertain
2025-03-29 16:46:21.215439,Uncertain,Uncertain
2025-03-29 16:46:21.248508,Uncertain,Uncertain
2025-03-29 16:46:21.282370,Uncertain,Uncertain
2025-03-29 16:46:21.315700,Uncertain,Uncertain
2025-03-29 16:46:21.348785,Uncertain,Uncertain
2025-03-29 16:46:21.382465,Uncertain,Uncertain
2025-03-29 16:46:21.415590,Uncertain,Uncertain
2025-03-29 16:46:21.448837,Uncertain,Uncertain
2025-03-29 16:46:21.481927,Left,Uncertain
2025-03-29 16:46:21.515708,Uncertain,Uncertain
2025-03-29 16:46:21.548873,Uncertain,Uncertain
2025-03-29 16:46:21.582249,Uncertain,Uncertain
2025-03-29 16:46:21.615518,Center,Uncertain
2025-03-29 16:46:22.354861,Left,Uncertain
2025-03-29 16:46:22.383820,Uncertain,Uncertain
2025-03-29 16:46:22.414744,Center,Uncertain
2025-03-29 16:46:22.754342,Center,Center
2025-03-29 16:46:22.784157,Uncertain,Uncertain
2025-03-29 16:46:22.815972,Uncertain,Uncertain
2025-03-29 16:46:22.849602,Uncertain,Uncertain
2025-03-29 16:46:22.882707,Uncertain,Uncertain
2025-03-29 16:46:22.915074,Uncertain,Uncertain
2025-03-29 16:46:22.948582,Uncertain,Uncertain
2025-03-29 16:46:22.981892,Uncertain,Uncertain
2025-03-29 16:46:23.013678,Uncertain,Uncertain
2025-03-29 16:46:23.048226,Uncertain,Uncertain
2025-03-29 16:46:23.080942,Uncertain,Uncertain
2025-03-29 16:46:23.114641,Uncertain,Uncertain
2025-03-29 16:46:23.147462,Uncertain,Uncertain
2025-03-29 16:46:23.181438,Uncertain,Uncertain
2025-03-29 16:46:23.214288,Uncertain,Uncertain
2025-03-29 16:46:23.247453,Uncertain,Uncertain
2025-03-29 16:46:23.281245,Uncertain,Uncertain
2025-03-29 16:46:23.313762,Uncertain,Uncertain
2025-03-29 16:46:23.347752,Uncertain,Uncertain
2025-03-29 16:46:23.380587,Uncertain,Uncertain
2025-03-29 16:46:23.413287,Uncertain,Uncertain
2025-03-29 16:46:23.448845,Uncertain,Uncertain
2025-03-29 16:46:23.480996,Uncertain,Uncertain
2025-03-29 16:46:23.514497,Uncertain,Uncertain
2025-03-29 16:46:23.547618,Uncertain,Uncertain
2025-03-29 16:46:23.581087,Uncertain,Uncertain
2025-03-29 16:46:23.613741,Uncertain,Uncertain
2025-03-29 16:46:23.647476,Uncertain,Uncertain
2025-03-29 16:46:23.681115,Uncertain,Uncertain
2025-03-29 16:46:23.713454,Uncertain,Uncertain
2025-03-29 16:46:23.748630,Uncertain,Uncertain
2025-03-29 16:46:23.780917,Uncertain,Uncertain
2025-03-29 16:46:23.814260,Uncertain,Uncertain
2025-03-29 16:46:23.847444,Uncertain,Uncertain
2025-03-29 16:46:23.881101,Uncertain,Uncertain
2025-03-29 16:46:23.914283,Uncertain,Uncertain
2025-03-29 16:46:23.947429,Uncertain,Uncertain
2025-03-29 16:46:23.980877,Uncertain,Uncertain
2025-03-29 16:46:24.014370,Uncertain,Uncertain
2025-03-29 16:46:24.047495,Uncertain,Uncertain
2025-03-29 16:46:24.080966,Uncertain,Uncertain
2025-03-29 16:46:24.113963,Uncertain,Uncertain
2025-03-29 16:46:24.147306,Uncertain,Uncertain
2025-03-29 16:46:24.180944,Uncertain,Uncertain
2025-03-29 16:46:24.214053,Uncertain,Uncertain
2025-03-29 16:46:24.247540,Uncertain,Uncertain
2025-03-29 16:46:24.280544,Uncertain,Uncertain
2025-03-29 16:46:24.314177,Uncertain,Uncertain
2025-03-29 16:46:24.347338,Uncertain,Uncertain
2025-03-29 16:46:24.380851,Uncertain,Uncertain
2025-03-29 16:46:24.414173,Uncertain,Uncertain
2025-03-29 16:46:24.447353,Uncertain,Uncertain
2025-03-29 16:46:24.480295,Uncertain,Uncertain
2025-03-29 16:46:24.513902,Uncertain,Uncertain
2025-03-29 16:46:24.547551,Uncertain,Uncertain
2025-03-29 16:46:24.580433,Uncertain,Uncertain
2025-03-29 16:46:24.614176,Uncertain,Uncertain
2025-03-29 16:46:24.647258,Uncertain,Uncertain
2025-03-29 16:46:24.680764,Uncertain,Uncertain
2025-03-29 16:46:24.714209,Uncertain,Uncertain
2025-03-29 16:46:24.747636,Uncertain,Uncertain
2025-03-29 16:46:24.780976,Uncertain,Uncertain
2025-03-29 16:46:24.813747,Uncertain,Uncertain
2025-03-29 16:46:24.847432,Uncertain,Uncertain
2025-03-29 16:46:24.880551,Uncertain,Uncertain
2025-03-29 16:46:24.913787,Uncertain,Uncertain
2025-03-29 16:46:24.947056,Uncertain,Uncertain
2025-03-29 16:46:24.980663,Uncertain,Uncertain
2025-03-29 16:46:25.013820,Uncertain,Uncertain
2025-03-29 16:46:25.046847,Uncertain,Uncertain
2025-03-29 16:46:25.080893,Uncertain,Uncertain
2025-03-29 16:46:25.113575,Uncertain,Uncertain
2025-03-29 16:46:25.147757,Uncertain,Uncertain
2025-03-29 16:46:25.181135,Uncertain,Uncertain
2025-03-29 16:46:25.213921,Uncertain,Uncertain
2025-03-29 16:46:25.247363,Uncertain,Uncertain
2025-03-29 16:46:25.280477,Uncertain,Uncertain
2025-03-29 16:46:25.313711,Uncertain,Uncertain
2025-03-29 16:46:25.347146,Uncertain,Uncertain
2025-03-29 16:46:25.380513,Uncertain,Uncertain
2025-03-29 16:46:25.413859,Uncertain,Uncertain
2025-03-29 16:46:25.447360,Uncertain,Uncertain
2025-03-29 16:46:25.480861,Uncertain,Uncertain
2025-03-29 16:46:25.514481,Uncertain,Uncertain
2025-03-29 16:46:25.547068,Uncertain,Uncertain
2025-03-29 16:46:25.581069,Uncertain,Uncertain
2025-03-29 16:46:25.613872,Uncertain,Uncertain
2025-03-29 16:46:25.647508,Uncertain,Uncertain
2025-03-29 16:46:25.680966,Uncertain,Uncertain
2025-03-29 16:46:25.713795,Uncertain,Uncertain
2025-03-29 16:46:25.746431,Uncertain,Uncertain
2025-03-29 16:46:25.781134,Uncertain,Uncertain
2025-03-29 16:46:25.814297,Uncertain,Uncertain
2025-03-29 16:46:25.848019,Uncertain,Uncertain
2025-03-29 16:46:25.880447,Uncertain,Uncertain
2025-03-29 16:46:25.914608,Uncertain,Uncertain
2025-03-29 16:46:25.947460,Uncertain,Uncertain
2025-03-29 16:46:25.980609,Uncertain,Uncertain
2025-03-29 16:46:26.014332,Uncertain,Uncertain
2025-03-29 16:46:26.047870,Uncertain,Uncertain
2025-03-29 16:46:26.080952,Uncertain,Uncertain
2025-03-29 16:46:26.114413,Uncertain,Uncertain
2025-03-29 16:46:26.147706,Uncertain,Uncertain
2025-03-29 16:46:26.180503,Uncertain,Uncertain
2025-03-29 16:46:26.214205,Uncertain,Uncertain
2025-03-29 16:46:26.247119,Uncertain,Uncertain
2025-03-29 16:46:26.280395,Uncertain,Uncertain
2025-03-29 16:46:26.314337,Uncertain,Uncertain
2025-03-29 16:46:26.347687,Uncertain,Uncertain
2025-03-29 16:46:26.381126,Uncertain,Uncertain
2025-03-29 16:46:26.414246,Uncertain,Uncertain
2025-03-29 16:46:26.447123,Uncertain,Uncertain
2025-03-29 16:46:26.479883,Uncertain,Uncertain
2025-03-29 16:46:26.514753,Uncertain,Uncertain
2025-03-29 16:46:26.547857,Uncertain,Uncertain
2025-03-29 16:46:26.580806,Uncertain,Uncertain
2025-03-29 16:46:26.613789,Uncertain,Uncertain
2025-03-29 16:46:26.647465,Uncertain,Uncertain
2025-03-29 16:46:26.680995,Uncertain,Uncertain
2025-03-29 16:46:26.714020,Uncertain,Uncertain
2025-03-29 16:46:26.747548,Uncertain,Uncertain
2025-03-29 16:46:26.780411,Uncertain,Uncertain
2025-03-29 16:46:26.813121,Uncertain,Uncertain
2025-03-29 16:46:26.847385,Uncertain,Uncertain
2025-03-29 16:46:26.880293,Uncertain,Uncertain
2025-03-29 16:46:26.913253,Uncertain,Uncertain
2025-03-29 16:46:26.947443,Uncertain,Uncertain
2025-03-29 16:46:26.980999,Uncertain,Uncertain
2025-03-29 16:46:27.013637,Uncertain,Uncertain
2025-03-29 16:46:27.047631,Uncertain,Uncertain
2025-03-29 16:46:27.080923,Uncertain,Uncertain
2025-03-29 16:46:27.113859,Uncertain,Uncertain
2025-03-29 16:46:27.147528,Uncertain,Uncertain
2025-03-29 16:46:27.179938,Uncertain,Uncertain
2025-03-29 16:46:27.214667,Uncertain,Uncertain
2025-03-29 16:46:27.246890,Uncertain,Uncertain
2025-03-29 16:46:27.280651,Uncertain,Uncertain
2025-03-29 16:46:27.313780,Uncertain,Uncertain
2025-03-29 16:46:27.347572,Uncertain,Uncertain
2025-03-29 16:46:27.380478,Uncertain,Uncertain
2025-03-29 16:46:27.413696,Uncertain,Uncertain
2025-03-29 16:46:27.446706,Uncertain,Uncertain
2025-03-29 16:46:27.481160,Uncertain,Uncertain
2025-03-29 16:46:27.514322,Uncertain,Uncertain
2025-03-29 16:46:27.547322,Uncertain,Uncertain
2025-03-29 16:46:27.580105,Uncertain,Uncertain
2025-03-29 16:46:27.614060,Uncertain,Uncertain
2025-03-29 16:46:27.647504,Uncertain,Uncertain
2025-03-29 16:46:27.680792,Uncertain,Uncertain
2025-03-29 16:46:27.714191,Uncertain,Uncertain
2025-03-29 16:46:27.747218,Uncertain,Uncertain
2025-03-29 16:46:27.780004,Uncertain,Uncertain
2025-03-29 16:46:27.812753,Uncertain,Uncertain
2025-03-29 16:46:27.847452,Uncertain,Uncertain
2025-03-29 16:46:27.880367,Uncertain,Uncertain
2025-03-29 16:46:27.912712,Uncertain,Uncertain
2025-03-29 16:46:27.947364,Uncertain,Uncertain
2025-03-29 16:46:27.981210,Uncertain,Uncertain
2025-03-29 16:46:28.013680,Uncertain,Uncertain
2025-03-29 16:46:28.046979,Uncertain,Uncertain
2025-03-29 16:46:28.079625,Uncertain,Uncertain
2025-03-29 16:46:28.113700,Uncertain,Uncertain
2025-03-29 16:46:28.147149,Uncertain,Uncertain
2025-03-29 16:46:28.180428,Uncertain,Uncertain
2025-03-29 16:46:28.214215,Uncertain,Uncertain
2025-03-29 16:46:28.246518,Uncertain,Uncertain
2025-03-29 16:46:28.280181,Uncertain,Uncertain
2025-03-29 16:46:28.313593,Uncertain,Uncertain
2025-03-29 16:46:28.346622,Uncertain,Uncertain
2025-03-29 16:46:28.380128,Uncertain,Uncertain
2025-03-29 16:46:28.412937,Uncertain,Uncertain
2025-03-29 16:46:28.446460,Uncertain,Uncertain
2025-03-29 16:46:28.479647,Uncertain,Uncertain
2025-03-29 16:46:28.513438,Uncertain,Uncertain
2025-03-29 16:46:28.546113,Uncertain,Uncertain
2025-03-29 16:46:28.579956,Uncertain,Uncertain
2025-03-29 16:46:28.613362,Uncertain,Uncertain
2025-03-29 16:46:28.646689,Uncertain,Uncertain
2025-03-29 16:46:28.679626,Uncertain,Uncertain
2025-03-29 16:46:28.713176,Uncertain,Uncertain
2025-03-29 16:46:28.746501,Uncertain,Uncertain
2025-03-29 16:46:28.779706,Uncertain,Uncertain
2025-03-29 16:46:28.812760,Uncertain,Uncertain
2025-03-29 16:46:28.846154,Uncertain,Uncertain
2025-03-29 16:46:28.879658,Uncertain,Uncertain
2025-03-29 16:46:28.912720,Uncertain,Uncertain
2025-03-29 16:46:28.946072,Uncertain,Uncertain
2025-03-29 16:46:28.979979,Uncertain,Uncertain
2025-03-29 16:46:29.013178,Uncertain,Uncertain
2025-03-29 16:46:29.046492,Uncertain,Uncertain
2025-03-29 16:46:29.079275,Uncertain,Uncertain
2025-03-29 16:46:29.112841,Uncertain,Uncertain
2025-03-29 16:46:29.146050,Uncertain,Uncertain
2025-03-29 16:46:29.179622,Uncertain,Uncertain
2025-03-29 16:46:29.213133,Uncertain,Uncertain
2025-03-29 16:46:29.245873,Uncertain,Uncertain
2025-03-29 16:46:29.280040,Uncertain,Uncertain
2025-03-29 16:46:29.313778,Uncertain,Uncertain
2025-03-29 16:46:29.346534,Uncertain,Uncertain
2025-03-29 16:46:29.379833,Uncertain,Uncertain
2025-03-29 16:46:29.413239,Uncertain,Uncertain
2025-03-29 16:46:29.446197,Uncertain,Uncertain
2025-03-29 16:46:29.479629,Uncertain,Uncertain
2025-03-29 16:46:29.513146,Uncertain,Uncertain
2025-03-29 16:46:29.546334,Uncertain,Uncertain
2025-03-29 16:46:29.579850,Uncertain,Uncertain
2025-03-29 16:46:29.612770,Uncertain,Uncertain
2025-03-29 16:46:29.645769,Uncertain,Uncertain
2025-03-29 16:46:29.679420,Uncertain,Uncertain
2025-03-29 16:46:29.713072,Uncertain,Uncertain
2025-03-29 16:46:29.746044,Uncertain,Uncertain
2025-03-29 16:46:29.779797,Uncertain,Uncertain
2025-03-29 16:46:29.813184,Uncertain,Uncertain
2025-03-29 16:46:29.846315,Uncertain,Uncertain
2025-03-29 16:46:29.878535,Uncertain,Uncertain
2025-03-29 16:46:29.912593,Uncertain,Uncertain
2025-03-29 16:46:29.945935,Uncertain,Uncertain
2025-03-29 16:46:29.979643,Uncertain,Uncertain
2025-03-29 16:46:30.012604,Uncertain,Uncertain
2025-03-29 16:46:30.046300,Uncertain,Uncertain
2025-03-29 16:46:30.079508,Uncertain,Uncertain
2025-03-29 16:46:30.113053,Uncertain,Uncertain
2025-03-29 16:46:30.146184,Uncertain,Uncertain
2025-03-29 16:46:30.179547,Uncertain,Uncertain
2025-03-29 16:46:30.212756,Uncertain,Uncertain
2025-03-29 16:46:30.245692,Uncertain,Uncertain
2025-03-29 16:46:30.278908,Uncertain,Uncertain
2025-03-29 16:46:30.312770,Uncertain,Uncertain
2025-03-29 16:46:30.346135,Uncertain,Uncertain
2025-03-29 16:46:30.379849,Uncertain,Uncertain
2025-03-29 16:46:30.411913,Uncertain,Uncertain
2025-03-29 16:46:30.446244,Uncertain,Uncertain
2025-03-29 16:46:30.478871,Uncertain,Uncertain
2025-03-29 16:46:30.513277,Uncertain,Uncertain
2025-03-29 16:46:30.546294,Uncertain,Uncertain
2025-03-29 16:46:30.579528,Uncertain,Uncertain
2025-03-29 16:46:30.612856,Uncertain,Uncertain
2025-03-29 16:46:30.646146,Uncertain,Uncertain
2025-03-29 16:46:30.679776,Uncertain,Uncertain
2025-03-29 16:46:30.713070,Uncertain,Uncertain
2025-03-29 16:46:30.746252,Uncertain,Uncertain
2025-03-29 16:46:30.779382,Uncertain,Uncertain
2025-03-29 16:46:30.812604,Uncertain,Uncertain
2025-03-29 16:46:30.846383,Uncertain,Uncertain
2025-03-29 16:46:30.879414,Uncertain,Uncertain
2025-03-29 16:46:30.912233,Uncertain,Uncertain
2025-03-29 16:46:30.945807,Uncertain,Uncertain
2025-03-29 16:46:30.979425,Uncertain,Uncertain
2025-03-29 16:46:31.012185,Uncertain,Uncertain
2025-03-29 16:46:31.045846,Uncertain,Uncertain
2025-03-29 16:46:31.079334,Uncertain,Uncertain
2025-03-29 16:46:31.112631,Uncertain,Uncertain
2025-03-29 16:46:31.145468,Uncertain,Uncertain
2025-03-29 16:46:31.179356,Uncertain,Uncertain
2025-03-29 16:46:31.212359,Uncertain,Uncertain
2025-03-29 16:46:31.245529,Uncertain,Uncertain
2025-03-29 16:46:31.279131,Uncertain,Uncertain
2025-03-29 16:46:31.312244,Uncertain,Uncertain
2025-03-29 16:46:31.346062,Uncertain,Uncertain
2025-03-29 16:46:31.379077,Uncertain,Uncertain
2025-03-29 16:46:31.412253,Uncertain,Uncertain
2025-03-29 16:46:31.445894,Uncertain,Uncertain
2025-03-29 16:46:31.479474,Uncertain,Uncertain
2025-03-29 16:46:31.512714,Uncertain,Uncertain
2025-03-29 16:46:31.545905,Uncertain,Uncertain
2025-03-29 16:46:31.578493,Uncertain,Uncertain
2025-03-29 16:46:31.612465,Uncertain,Uncertain
2025-03-29 16:46:31.645842,Uncertain,Uncertain
2025-03-29 16:46:31.678932,Uncertain,Uncertain
2025-03-29 16:46:31.712293,Uncertain,Uncertain
2025-03-29 16:46:31.745477,Uncertain,Uncertain
2025-03-29 16:46:31.779239,Uncertain,Uncertain
2025-03-29 16:46:31.812135,Uncertain,Uncertain
2025-03-29 16:46:31.845395,Uncertain,Uncertain
2025-03-29 16:46:31.878831,Uncertain,Uncertain
2025-03-29 16:46:31.912144,Uncertain,Uncertain
2025-03-29 16:46:31.945276,Uncertain,Uncertain
2025-03-29 16:46:31.978641,Uncertain,Uncertain
2025-03-29 16:46:32.012547,Uncertain,Uncertain
2025-03-29 16:46:32.045609,Uncertain,Uncertain
2025-03-29 16:46:32.078963,Uncertain,Uncertain
2025-03-29 16:46:32.112109,Uncertain,Uncertain
2025-03-29 16:46:32.145460,Uncertain,Uncertain
2025-03-29 16:46:32.178650,Uncertain,Uncertain
2025-03-29 16:46:32.212406,Uncertain,Uncertain
2025-03-29 16:46:32.245486,Uncertain,Uncertain
2025-03-29 16:46:32.278933,Uncertain,Uncertain
2025-03-29 16:46:32.311970,Uncertain,Uncertain
2025-03-29 16:46:32.345502,Uncertain,Uncertain
2025-03-29 16:46:32.378589,Uncertain,Uncertain
2025-03-29 16:46:32.412300,Uncertain,Uncertain
2025-03-29 16:46:32.445648,Uncertain,Uncertain
2025-03-29 16:46:32.478530,Uncertain,Uncertain
2025-03-29 16:46:32.512301,Uncertain,Uncertain
2025-03-29 16:46:32.545890,Uncertain,Uncertain
2025-03-29 16:46:32.578702,Uncertain,Uncertain
2025-03-29 16:46:32.612087,Uncertain,Uncertain
2025-03-29 16:46:32.645672,Uncertain,Uncertain
2025-03-29 16:46:32.678885,Uncertain,Uncertain
2025-03-29 16:46:32.712148,Uncertain,Uncertain
2025-03-29 16:46:32.744497,Uncertain,Uncertain
2025-03-29 16:46:32.778891,Uncertain,Uncertain
2025-03-29 16:46:32.812242,Uncertain,Uncertain
2025-03-29 16:46:32.845526,Uncertain,Uncertain
2025-03-29 16:46:32.878781,Uncertain,Uncertain
2025-03-29 16:46:32.912077,Uncertain,Uncertain
2025-03-29 16:46:32.945315,Uncertain,Uncertain
2025-03-29 16:46:32.978773,Uncertain,Uncertain
2025-03-29 16:46:33.012251,Uncertain,Uncertain
2025-03-29 16:46:33.045774,Uncertain,Uncertain
2025-03-29 16:46:33.078790,Uncertain,Uncertain
2025-03-29 16:46:33.112351,Uncertain,Uncertain
2025-03-29 16:46:33.145408,Uncertain,Uncertain
2025-03-29 16:46:33.178849,Uncertain,Uncertain
2025-03-29 16:46:33.212322,Uncertain,Uncertain
2025-03-29 16:46:33.245241,Uncertain,Uncertain
2025-03-29 16:46:33.278633,Uncertain,Uncertain
2025-03-29 16:46:33.312169,Uncertain,Uncertain
2025-03-29 16:46:33.345483,Uncertain,Uncertain
2025-03-29 16:46:33.379013,Uncertain,Uncertain
2025-03-29 16:46:33.412210,Uncertain,Uncertain
2025-03-29 16:46:33.445722,Uncertain,Uncertain
2025-03-29 16:46:33.478705,Uncertain,Uncertain
2025-03-29 16:46:33.511964,Uncertain,Uncertain
2025-03-29 16:46:33.545423,Uncertain,Uncertain
2025-03-29 16:46:33.579005,Uncertain,Uncertain
2025-03-29 16:46:33.611832,Uncertain,Uncertain
2025-03-29 16:46:33.645293,Uncertain,Uncertain
2025-03-29 16:46:33.678562,Uncertain,Uncertain
2025-03-29 16:46:33.711356,Uncertain,Uncertain
2025-03-29 16:46:33.744440,Uncertain,Uncertain
2025-03-29 16:46:33.778792,Uncertain,Uncertain
2025-03-29 16:46:33.811902,Uncertain,Uncertain
2025-03-29 16:46:33.845537,Uncertain,Uncertain
2025-03-29 16:46:33.878472,Uncertain,Uncertain
2025-03-29 16:46:33.910591,Uncertain,Uncertain
2025-03-29 16:46:33.945272,Uncertain,Uncertain
2025-03-29 16:46:33.978729,Uncertain,Uncertain
2025-03-29 16:46:34.011875,Uncertain,Uncertain
2025-03-29 16:46:34.045404,Uncertain,Uncertain
2025-03-29 16:46:34.078267,Uncertain,Uncertain
2025-03-29 16:46:34.111704,Uncertain,Uncertain
2025-03-29 16:46:34.145064,Uncertain,Uncertain
2025-03-29 16:46:34.178177,Uncertain,Uncertain
2025-03-29 16:46:34.211455,Uncertain,Uncertain
2025-03-29 16:46:34.244905,Uncertain,Uncertain
2025-03-29 16:46:34.278198,Uncertain,Uncertain
2025-03-29 16:46:34.311484,Uncertain,Uncertain
2025-03-29 16:46:34.345081,Uncertain,Uncertain
2025-03-29 16:46:34.377350,Uncertain,Uncertain
2025-03-29 16:46:34.410659,Uncertain,Uncertain
2025-03-29 16:46:34.445094,Uncertain,Uncertain
2025-03-29 16:46:34.478391,Uncertain,Uncertain
2025-03-29 16:46:34.511912,Uncertain,Uncertain
2025-03-29 16:46:34.545067,Uncertain,Uncertain
2025-03-29 16:46:34.578665,Uncertain,Uncertain
2025-03-29 16:46:34.611987,Uncertain,Uncertain
2025-03-29 16:46:34.645361,Uncertain,Uncertain
2025-03-29 16:46:34.678129,Uncertain,Uncertain
2025-03-29 16:46:34.711720,Uncertain,Uncertain
2025-03-29 16:46:34.745218,Uncertain,Uncertain
2025-03-29 16:46:34.778088,Uncertain,Uncertain
2025-03-29 16:46:34.810176,Uncertain,Uncertain
2025-03-29 16:46:34.844335,Uncertain,Uncertain
2025-03-29 16:46:34.878527,Uncertain,Uncertain
2025-03-29 16:46:34.911286,Uncertain,Uncertain
2025-03-29 16:46:34.944960,Uncertain,Uncertain
2025-03-29 16:46:34.978186,Uncertain,Uncertain
2025-03-29 16:46:35.011290,Uncertain,Uncertain
2025-03-29 16:46:35.044418,Uncertain,Uncertain
2025-03-29 16:46:35.076960,Uncertain,Uncertain
2025-03-29 16:46:35.111611,Uncertain,Uncertain
2025-03-29 16:46:35.145061,Uncertain,Uncertain
2025-03-29 16:46:35.178083,Uncertain,Uncertain
2025-03-29 16:46:35.211113,Uncertain,Uncertain
2025-03-29 16:46:35.244664,Uncertain,Uncertain
2025-03-29 16:46:35.278151,Uncertain,Uncertain
2025-03-29 16:46:35.311577,Uncertain,Uncertain
2025-03-29 16:46:35.344514,Uncertain,Uncertain
2025-03-29 16:46:35.378095,Uncertain,Uncertain
2025-03-29 16:46:35.411191,Uncertain,Uncertain
2025-03-29 16:46:35.443961,Uncertain,Uncertain
2025-03-29 16:46:35.477539,Uncertain,Uncertain
2025-03-29 16:46:35.511558,Uncertain,Uncertain
2025-03-29 16:46:35.544666,Uncertain,Uncertain
2025-03-29 16:46:35.576978,Uncertain,Uncertain
2025-03-29 16:46:35.611128,Uncertain,Uncertain
2025-03-29 16:46:35.643070,Uncertain,Uncertain
2025-03-29 16:46:35.677439,Uncertain,Uncertain
2025-03-29 16:46:35.711579,Uncertain,Uncertain
2025-03-29 16:46:35.744747,Uncertain,Uncertain
2025-03-29 16:46:35.778066,Uncertain,Uncertain
2025-03-29 16:46:35.811563,Uncertain,Uncertain
2025-03-29 16:46:35.844777,Uncertain,Uncertain
2025-03-29 16:46:35.877815,Uncertain,Uncertain
2025-03-29 16:46:35.911057,Uncertain,Uncertain
2025-03-29 16:46:35.944551,Uncertain,Uncertain
2025-03-29 16:46:35.977858,Uncertain,Uncertain
2025-03-29 16:46:36.010868,Uncertain,Uncertain
2025-03-29 16:46:36.044434,Uncertain,Uncertain
2025-03-29 16:46:36.077661,Uncertain,Uncertain
2025-03-29 16:46:36.111158,Uncertain,Uncertain
2025-03-29 16:46:36.143990,Uncertain,Uncertain
2025-03-29 16:46:36.175221,Uncertain,Uncertain
2025-03-29 16:46:36.210144,Uncertain,Uncertain
2025-03-29 16:46:36.243287,Uncertain,Uncertain
2025-03-29 16:46:36.276753,Uncertain,Uncertain
2025-03-29 16:46:36.310771,Uncertain,Uncertain
2025-03-29 16:46:36.343628,Uncertain,Uncertain
2025-03-29 16:46:36.377513,Uncertain,Uncertain
2025-03-29 16:46:36.410561,Uncertain,Uncertain
2025-03-29 16:46:36.443430,Uncertain,Uncertain
2025-03-29 16:46:36.477354,Uncertain,Uncertain
2025-03-29 16:46:36.509962,Uncertain,Uncertain
2025-03-29 16:46:36.543692,Uncertain,Uncertain
2025-03-29 16:46:36.577320,Uncertain,Uncertain
2025-03-29 16:46:36.609938,Uncertain,Uncertain
2025-03-29 16:46:36.643591,Uncertain,Uncertain
2025-03-29 16:46:36.677095,Uncertain,Uncertain
2025-03-29 16:46:36.710335,Uncertain,Uncertain
2025-03-29 16:46:36.743692,Uncertain,Uncertain
2025-03-29 16:46:36.777240,Uncertain,Uncertain
2025-03-29 16:46:36.810378,Uncertain,Center
2025-03-29 16:46:36.843335,Uncertain,Uncertain
2025-03-29 16:46:36.876971,Uncertain,Uncertain
2025-03-29 16:46:36.910174,Uncertain,Uncertain
2025-03-29 16:46:36.943542,Uncertain,Uncertain
2025-03-29 16:46:36.976885,Uncertain,Uncertain
2025-03-29 16:46:37.010178,Uncertain,Uncertain
2025-03-29 16:46:37.041911,Uncertain,Uncertain
2025-03-29 16:46:37.077159,Uncertain,Uncertain
2025-03-29 16:46:37.110232,Uncertain,Uncertain
2025-03-29 16:46:37.143772,Uncertain,Uncertain
2025-03-29 16:46:37.176740,Uncertain,Uncertain
2025-03-29 16:46:37.210801,Uncertain,Uncertain
2025-03-29 16:46:37.241674,Uncertain,Uncertain
2025-03-29 16:46:37.276684,Uncertain,Uncertain
2025-03-29 16:46:37.310068,Uncertain,Uncertain
2025-03-29 16:46:37.343765,Uncertain,Uncertain
2025-03-29 16:46:37.376992,Uncertain,Uncertain
2025-03-29 16:46:37.409763,Uncertain,Uncertain
2025-03-29 16:46:37.443950,Uncertain,Uncertain
2025-03-29 16:46:37.476667,Uncertain,Uncertain
2025-03-29 16:46:37.510174,Uncertain,Uncertain
2025-03-29 16:46:37.543719,Uncertain,Uncertain
2025-03-29 16:46:37.576987,Uncertain,Uncertain
2025-03-29 16:46:37.609969,Uncertain,Uncertain
2025-03-29 16:46:37.643561,Uncertain,Uncertain
2025-03-29 16:46:37.676771,Uncertain,Uncertain
2025-03-29 16:46:37.709685,Uncertain,Uncertain
2025-03-29 16:46:37.743223,Uncertain,Uncertain
2025-03-29 16:46:37.776385,Uncertain,Uncertain
2025-03-29 16:46:37.809880,Uncertain,Uncertain
2025-03-29 16:46:37.843090,Uncertain,Uncertain
2025-03-29 16:46:37.876852,Uncertain,Uncertain
2025-03-29 16:46:37.910495,Uncertain,Uncertain
2025-03-29 16:46:37.943213,Uncertain,Uncertain
2025-03-29 16:46:37.976203,Uncertain,Uncertain
2025-03-29 16:46:38.010051,Uncertain,Uncertain
2025-03-29 16:46:38.043717,Uncertain,Uncertain
2025-03-29 16:46:38.076599,Uncertain,Uncertain
2025-03-29 16:46:38.110031,Uncertain,Uncertain
2025-03-29 16:46:38.143634,Uncertain,Uncertain
2025-03-29 16:46:38.176857,Uncertain,Uncertain
2025-03-29 16:46:38.209424,Uncertain,Uncertain
2025-03-29 16:46:38.242474,Uncertain,Uncertain
2025-03-29 16:46:38.276532,Uncertain,Uncertain
2025-03-29 16:46:38.309534,Uncertain,Uncertain
2025-03-29 16:46:38.342290,Uncertain,Uncertain
2025-03-29 16:46:38.375077,Uncertain,Uncertain
2025-03-29 16:46:38.408382,Uncertain,Uncertain
2025-03-29 16:46:38.442318,Uncertain,Uncertain
2025-03-29 16:46:38.475376,Uncertain,Uncertain
2025-03-29 16:46:38.509863,Uncertain,Uncertain
2025-03-29 16:46:38.542425,Uncertain,Uncertain
2025-03-29 16:46:38.575304,Uncertain,Uncertain
2025-03-29 16:46:38.608839,Uncertain,Uncertain
2025-03-29 16:46:38.642357,Uncertain,Uncertain
2025-03-29 16:46:38.675658,Uncertain,Uncertain
2025-03-29 16:46:38.709289,Uncertain,Uncertain
2025-03-29 16:46:38.742744,Uncertain,Uncertain
2025-03-29 16:46:38.775880,Uncertain,Uncertain
2025-03-29 16:46:38.808907,Uncertain,Uncertain
2025-03-29 16:46:38.842462,Uncertain,Uncertain
2025-03-29 16:46:38.875549,Uncertain,Uncertain
2025-03-29 16:46:38.908404,Uncertain,Uncertain
2025-03-29 16:46:38.942266,Uncertain,Uncertain
2025-03-29 16:46:38.976182,Uncertain,Uncertain
2025-03-29 16:46:39.009722,Uncertain,Uncertain
2025-03-29 16:46:39.042922,Uncertain,Uncertain
2025-03-29 16:46:39.076185,Uncertain,Uncertain
2025-03-29 16:46:39.109540,Uncertain,Uncertain
2025-03-29 16:46:39.140205,Uncertain,Uncertain
2025-03-29 16:46:39.176709,Uncertain,Uncertain
2025-03-29 16:46:39.209012,Uncertain,Uncertain
2025-03-29 16:46:39.242737,Uncertain,Uncertain
2025-03-29 16:46:39.276124,Uncertain,Uncertain
2025-03-29 16:46:39.309641,Uncertain,Uncertain
2025-03-29 16:46:39.342963,Uncertain,Uncertain
2025-03-29 16:46:39.376405,Uncertain,Uncertain
2025-03-29 16:46:39.409139,Uncertain,Uncertain
2025-03-29 16:46:39.442775,Uncertain,Uncertain
2025-03-29 16:46:39.476459,Uncertain,Uncertain
2025-03-29 16:46:39.509770,Uncertain,Uncertain
2025-03-29 16:46:39.543349,Uncertain,Uncertain
2025-03-29 16:46:39.574236,Uncertain,Uncertain
2025-03-29 16:46:39.609725,Uncertain,Uncertain
2025-03-29 16:46:39.643104,Uncertain,Uncertain
2025-03-29 16:46:39.676318,Uncertain,Uncertain
2025-03-29 16:46:39.709806,Uncertain,Uncertain
2025-03-29 16:46:39.742062,Uncertain,Uncertain
2025-03-29 16:46:39.775729,Uncertain,Uncertain
2025-03-29 16:46:39.809693,Uncertain,Uncertain
2025-03-29 16:46:39.841810,Uncertain,Uncertain
2025-03-29 16:46:39.875344,Uncertain,Uncertain
2025-03-29 16:46:39.906950,Uncertain,Uncertain
2025-03-29 16:46:39.942645,Uncertain,Uncertain
2025-03-29 16:46:39.975650,Uncertain,Uncertain
2025-03-29 16:46:40.008847,Uncertain,Uncertain
2025-03-29 16:46:40.042501,Uncertain,Uncertain
2025-03-29 16:46:40.075677,Uncertain,Uncertain
2025-03-29 16:46:40.108535,Uncertain,Uncertain
2025-03-29 16:46:40.142015,Uncertain,Uncertain
2025-03-29 16:46:40.175760,Uncertain,Uncertain
2025-03-29 16:46:40.208624,Uncertain,Uncertain
2025-03-29 16:46:40.242101,Uncertain,Uncertain
2025-03-29 16:46:40.275715,Uncertain,Uncertain
2025-03-29 16:46:40.308626,Uncertain,Uncertain
2025-03-29 16:46:40.341839,Uncertain,Uncertain
2025-03-29 16:46:40.375403,Uncertain,Uncertain
2025-03-29 16:46:40.408942,Uncertain,Uncertain
2025-03-29 16:46:40.442377,Uncertain,Uncertain
2025-03-29 16:46:40.475664,Uncertain,Uncertain
2025-03-29 16:46:40.509266,Uncertain,Uncertain
2025-03-29 16:46:40.542469,Uncertain,Uncertain
2025-03-29 16:46:40.575448,Uncertain,Uncertain
2025-03-29 16:46:40.608757,Uncertain,Uncertain
2025-03-29 16:46:40.642405,Uncertain,Uncertain
2025-03-29 16:46:40.674917,Uncertain,Uncertain
2025-03-29 16:46:40.708425,Uncertain,Uncertain
2025-03-29 16:46:40.741615,Uncertain,Uncertain
2025-03-29 16:46:40.774649,Uncertain,Uncertain
2025-03-29 16:46:40.808169,Uncertain,Uncertain
2025-03-29 16:46:40.842084,Uncertain,Uncertain
2025-03-29 16:46:40.875101,Uncertain,Uncertain
2025-03-29 16:46:40.907060,Uncertain,Uncertain
2025-03-29 16:46:40.940394,Uncertain,Uncertain
2025-03-29 16:46:40.974334,Uncertain,Uncertain
2025-03-29 16:46:41.007963,Uncertain,Uncertain
2025-03-29 16:46:41.041347,Uncertain,Uncertain
2025-03-29 16:46:41.074576,Uncertain,Uncertain
2025-03-29 16:46:41.107619,Uncertain,Uncertain
2025-03-29 16:46:41.140115,Uncertain,Uncertain
2025-03-29 16:46:41.173438,Uncertain,Uncertain
2025-03-29 16:46:41.206875,Uncertain,Uncertain
2025-03-29 16:46:41.240660,Uncertain,Uncertain
2025-03-29 16:46:41.273681,Uncertain,Uncertain
2025-03-29 16:46:41.307069,Uncertain,Uncertain
2025-03-29 16:46:41.340216,Uncertain,Uncertain
2025-03-29 16:46:41.375011,Uncertain,Uncertain
2025-03-29 16:46:41.407246,Uncertain,Uncertain
2025-03-29 16:46:41.440456,Uncertain,Uncertain
2025-03-29 16:46:41.473433,Uncertain,Uncertain
2025-03-29 16:46:41.507249,Uncertain,Uncertain
2025-03-29 16:46:41.540717,Uncertain,Uncertain
2025-03-29 16:46:41.573433,Uncertain,Uncertain
2025-03-29 16:46:41.607675,Uncertain,Uncertain
2025-03-29 16:46:41.641290,Uncertain,Uncertain
2025-03-29 16:46:41.673831,Uncertain,Uncertain
2025-03-29 16:46:41.706919,Uncertain,Uncertain
2025-03-29 16:46:41.740736,Uncertain,Uncertain
2025-03-29 16:46:41.774498,Uncertain,Uncertain
2025-03-29 16:46:41.807065,Uncertain,Uncertain
2025-03-29 16:46:41.840368,Uncertain,Uncertain
2025-03-29 16:46:41.874150,Uncertain,Uncertain
2025-03-29 16:46:41.907418,Uncertain,Uncertain
2025-03-29 16:46:41.940064,Uncertain,Uncertain
2025-03-29 16:46:41.973244,Uncertain,Uncertain
2025-03-29 16:46:42.006648,Uncertain,Uncertain
2025-03-29 16:46:42.039168,Uncertain,Uncertain
2025-03-29 16:46:42.073079,Uncertain,Uncertain
2025-03-29 16:46:42.106351,Uncertain,Uncertain
2025-03-29 16:46:42.140538,Uncertain,Uncertain
2025-03-29 16:46:42.173960,Uncertain,Uncertain
2025-03-29 16:46:42.205569,Uncertain,Uncertain
2025-03-29 16:46:42.239551,Uncertain,Uncertain
2025-03-29 16:46:42.272146,Uncertain,Uncertain
2025-03-29 16:46:42.307808,Uncertain,Uncertain
2025-03-29 16:46:42.339408,Uncertain,Uncertain
2025-03-29 16:46:42.373626,Uncertain,Uncertain
2025-03-29 16:46:42.406588,Uncertain,Uncertain
2025-03-29 16:46:42.440426,Uncertain,Uncertain
2025-03-29 16:46:42.472177,Uncertain,Uncertain
2025-03-29 16:46:42.507426,Uncertain,Uncertain
2025-03-29 16:46:42.541605,Uncertain,Uncertain
2025-03-29 16:46:42.574431,Uncertain,Uncertain
2025-03-29 16:46:42.607216,Uncertain,Uncertain
2025-03-29 16:46:42.640075,Uncertain,Uncertain
2025-03-29 16:46:42.673155,Uncertain,Uncertain
2025-03-29 16:46:42.706500,Uncertain,Uncertain
2025-03-29 16:46:42.740160,Uncertain,Uncertain
2025-03-29 16:46:42.772506,Uncertain,Uncertain
2025-03-29 16:46:42.806707,Uncertain,Uncertain
2025-03-29 16:46:42.840179,Uncertain,Uncertain
2025-03-29 16:46:42.874152,Uncertain,Uncertain
2025-03-29 16:46:42.907042,Uncertain,Uncertain
2025-03-29 16:46:42.940012,Uncertain,Uncertain
2025-03-29 16:46:42.972917,Uncertain,Uncertain
2025-03-29 16:46:43.004489,Uncertain,Uncertain
2025-03-29 16:46:43.040876,Uncertain,Uncertain
2025-03-29 16:46:43.073817,Uncertain,Uncertain
2025-03-29 16:46:43.105914,Uncertain,Uncertain
2025-03-29 16:46:43.139785,Uncertain,Uncertain
2025-03-29 16:46:43.174350,Uncertain,Uncertain
2025-03-29 16:46:43.207704,Uncertain,Uncertain
2025-03-29 16:46:43.240348,Uncertain,Uncertain
2025-03-29 16:46:43.274343,Uncertain,Uncertain
2025-03-29 16:46:43.307665,Uncertain,Uncertain
2025-03-29 16:46:43.341165,Uncertain,Uncertain
2025-03-29 16:46:43.374488,Uncertain,Uncertain
2025-03-29 16:46:43.407560,Uncertain,Uncertain
2025-03-29 16:46:43.441071,Uncertain,Uncertain
2025-03-29 16:46:43.474366,Uncertain,Uncertain
2025-03-29 16:46:43.506598,Uncertain,Uncertain
2025-03-29 16:46:43.540864,Uncertain,Uncertain
2025-03-29 16:46:43.574079,Uncertain,Uncertain
2025-03-29 16:46:43.607344,Uncertain,Uncertain
2025-03-29 16:46:43.640950,Uncertain,Uncertain
2025-03-29 16:46:43.671602,Uncertain,Uncertain
2025-03-29 16:46:43.707274,Uncertain,Uncertain
2025-03-29 16:46:43.740433,Uncertain,Uncertain
2025-03-29 16:46:43.773934,Uncertain,Uncertain
2025-03-29 16:46:43.807033,Uncertain,Uncertain
2025-03-29 16:46:43.840459,Uncertain,Uncertain
2025-03-29 16:46:43.873790,Uncertain,Uncertain
2025-03-29 16:46:43.907207,Uncertain,Uncertain
2025-03-29 16:46:43.938531,Uncertain,Uncertain
2025-03-29 16:46:43.971132,Uncertain,Uncertain
2025-03-29 16:46:44.007087,Uncertain,Uncertain
2025-03-29 16:46:44.039688,Uncertain,Uncertain
2025-03-29 16:46:44.073850,Uncertain,Uncertain
2025-03-29 16:46:44.106844,Uncertain,Uncertain
2025-03-29 16:46:44.140089,Uncertain,Uncertain
2025-03-29 16:46:44.172941,Uncertain,Uncertain
2025-03-29 16:46:44.206999,Uncertain,Uncertain
2025-03-29 16:46:44.240469,Uncertain,Uncertain
2025-03-29 16:46:44.273915,Uncertain,Uncertain
2025-03-29 16:46:44.307055,Uncertain,Uncertain
2025-03-29 16:46:44.339747,Uncertain,Uncertain
2025-03-29 16:46:44.373994,Uncertain,Uncertain
2025-03-29 16:46:44.406500,Uncertain,Uncertain
2025-03-29 16:46:44.439204,Uncertain,Uncertain
2025-03-29 16:46:44.474077,Uncertain,Uncertain
2025-03-29 16:46:44.507155,Uncertain,Uncertain
2025-03-29 16:46:44.539308,Uncertain,Uncertain
2025-03-29 16:46:44.573325,Uncertain,Uncertain
2025-03-29 16:46:44.606625,Uncertain,Uncertain
2025-03-29 16:46:44.640358,Uncertain,Uncertain
2025-03-29 16:46:44.673512,Uncertain,Uncertain
2025-03-29 16:46:44.707173,Uncertain,Uncertain
2025-03-29 16:46:44.739831,Uncertain,Uncertain
2025-03-29 16:46:44.773614,Uncertain,Uncertain
2025-03-29 16:46:44.807089,Uncertain,Uncertain
2025-03-29 16:46:44.840175,Uncertain,Uncertain
2025-03-29 16:46:44.873531,Uncertain,Uncertain
2025-03-29 16:46:44.903509,Uncertain,Uncertain
2025-03-29 16:46:44.938885,Uncertain,Uncertain
2025-03-29 16:46:44.972508,Uncertain,Uncertain
2025-03-29 16:46:45.006806,Uncertain,Uncertain
2025-03-29 16:46:45.040149,Uncertain,Uncertain
2025-03-29 16:46:45.073591,Uncertain,Uncertain
2025-03-29 16:46:45.106718,Uncertain,Uncertain
2025-03-29 16:46:45.139450,Uncertain,Uncertain
2025-03-29 16:46:45.173412,Uncertain,Uncertain
2025-03-29 16:46:45.206414,Uncertain,Uncertain
2025-03-29 16:46:45.240117,Uncertain,Uncertain
2025-03-29 16:46:45.273422,Uncertain,Uncertain
2025-03-29 16:46:45.306808,Uncertain,Uncertain
2025-03-29 16:46:45.339794,Uncertain,Uncertain
